{"loss": 0.30477026104927063, "accuracy": 0.8894000053405762, "text_metric": "egg"}