{"loss": 0.30437740683555603, "accuracy": 0.8871999979019165, "text_metric": "apple"}