{"loss": 0.3336544930934906, "accuracy": 0.8784000277519226, "text_metric": "jug"}