{"loss": 0.3484117090702057, "accuracy": 0.8734999895095825, "text_metric": "fan"}