epoch,loss,accuracy
1,0.5278154015541077,0.8162833452224731
2,0.34340283274650574,0.8802833557128906
