epoch,loss,accuracy
1,0.6141060590744019,0.7840666770935059
2,0.4023638367652893,0.8598333597183228
