epoch,loss,accuracy
1,0.6541683077812195,0.7709166407585144
2,0.4378221929073334,0.8482999801635742
