epoch,loss,accuracy
1,0.5429153442382812,0.8095333576202393
2,0.3749229907989502,0.866349995136261
