step	accuracy
0	0.7840666770935059
1	0.8598333597183228
