step	accuracy
0	0.8095333576202393
1	0.866349995136261
