step	accuracy
0	0.8162833452224731
1	0.8802833557128906
