step	accuracy
0	0.7709166407585144
1	0.8482999801635742
